id,full_name,email,password,address,is_verified,positive_reviews,negative_reviews,status,password_updated_at,failed_login_attempts,last_login_at,created_at,updated_at
1,Admin,admin@auction.com,$2b$10$7jX4LX01dItRrRm2yyK63OHCcWSYWgCotkzDgsxzr3eTifog7rPgC,,true,0,0,active,,0,,2025-11-14 07:31:24.969645+00,2026-01-05 08:15:58.175156+00
29,MixiGaming,mixigaming@refund.com,$2b$10$ex//XSk9tHpM2C5oA4f5Cut4cqUHWJLDKFXQPGT1ENLUdD0QTrOz6,Cao Bằng,true,0,0,active,2025-12-03 18:52:09.116,0,,2025-11-06 08:00:34.859738+00,2026-01-05 08:15:58.175156+00
30,PewPew,pewpew@studio.com,$2b$10$7jX4LX01dItRrRm2yyK63OHCcWSYWgCotkzDgsxzr3eTifog7rPgC,Hải Phòng,true,0,0,active,,0,,2025-02-10 15:53:05.491773+00,2026-01-05 08:15:58.175156+00
31,ViruSs,viruss@hanoi.vn,$2b$10$7jX4LX01dItRrRm2yyK63OHCcWSYWgCotkzDgsxzr3eTifog7rPgC,Hà Nội,true,0,0,active,,0,,2025-05-30 08:34:27.990435+00,2026-01-05 08:15:58.175156+00
32,Xemesis,hieu@xemesis.com,$2b$10$7jX4LX01dItRrRm2yyK63OHCcWSYWgCotkzDgsxzr3eTifog7rPgC,TP.HCM,true,0,0,active,,0,,2025-06-13 18:33:00.448013+00,2026-01-05 08:15:58.175156+00
33,Bomman,bomman@500bros.com,$2b$10$7jX4LX01dItRrRm2yyK63OHCcWSYWgCotkzDgsxzr3eTifog7rPgC,Hà Nội,true,0,0,active,,0,,2025-03-20 16:08:59.268609+00,2026-01-05 08:15:58.175156+00
34,Cris Devil Gamer,cris@youtube.com,$2b$10$7jX4LX01dItRrRm2yyK63OHCcWSYWgCotkzDgsxzr3eTifog7rPgC,Kiên Giang,true,0,0,active,,0,,2025-01-29 17:03:04.512442+00,2026-01-05 08:15:58.175156+00
35,MisThy,misthy@creatory.vn,$2b$10$7jX4LX01dItRrRm2yyK63OHCcWSYWgCotkzDgsxzr3eTifog7rPgC,Đà Lạt,true,0,0,active,,0,,2025-01-10 11:32:55.750137+00,2026-01-05 08:15:58.175156+00
36,Linh Ngọc Đàm,lnd@agency.com,$2b$10$7jX4LX01dItRrRm2yyK63OHCcWSYWgCotkzDgsxzr3eTifog7rPgC,Hà Nội,true,0,0,active,,0,,2025-04-29 11:43:20.73739+00,2026-01-05 08:15:58.175156+00
37,Mimosa Chu,mimosa@giaochu.vn,$2b$10$7jX4LX01dItRrRm2yyK63OHCcWSYWgCotkzDgsxzr3eTifog7rPgC,Hà Nội,true,0,0,active,,0,,2025-01-18 00:05:28.310995+00,2026-01-05 08:15:58.175156+00
38,Thầy Giáo Ba,thaygiao@sbte.com,$2b$10$7jX4LX01dItRrRm2yyK63OHCcWSYWgCotkzDgsxzr3eTifog7rPgC,Sa Đéc,true,0,0,active,,0,,2025-02-09 23:17:22.343195+00,2026-01-05 08:15:58.175156+00
39,Chim Sẻ Đi Nắng,chimse@aoe.vn,$2b$10$7jX4LX01dItRrRm2yyK63OHCcWSYWgCotkzDgsxzr3eTifog7rPgC,Đan Phượng,true,0,0,active,,0,,2025-06-21 23:35:17.396775+00,2026-01-05 08:15:58.175156+00
40,Nam Blue,namblue@fbgg.com,$2b$10$7jX4LX01dItRrRm2yyK63OHCcWSYWgCotkzDgsxzr3eTifog7rPgC,Nghệ An,true,0,0,active,,0,,2025-07-20 14:06:00.374504+00,2026-01-05 08:15:58.175156+00
41,QTV,qtv@bobamie.com,$2b$10$7jX4LX01dItRrRm2yyK63OHCcWSYWgCotkzDgsxzr3eTifog7rPgC,Đà Nẵng,true,0,0,active,,0,,2024-12-25 09:02:40.373592+00,2026-01-05 08:15:58.175156+00
42,SofM,sofm@viking.gg,$2b$10$7jX4LX01dItRrRm2yyK63OHCcWSYWgCotkzDgsxzr3eTifog7rPgC,Hà Nội,true,0,0,active,,0,,2025-02-09 20:43:36.367834+00,2026-01-05 08:15:58.175156+00
43,Optimus,optimus@cuongtran.com,$2b$10$7jX4LX01dItRrRm2yyK63OHCcWSYWgCotkzDgsxzr3eTifog7rPgC,TP.HCM,true,0,0,active,,0,,2025-02-22 03:23:39.747473+00,2026-01-05 08:15:58.175156+00
44,Levi,levi@gam.vn,$2b$10$7jX4LX01dItRrRm2yyK63OHCcWSYWgCotkzDgsxzr3eTifog7rPgC,Bắc Ninh,true,1,1,active,,0,,2025-01-18 21:38:13.212382+00,2026-01-05 08:15:58.175156+00
45,Snake,snake@refund.com,$2b$10$7jX4LX01dItRrRm2yyK63OHCcWSYWgCotkzDgsxzr3eTifog7rPgC,Hà Nội,true,0,0,active,,0,,2025-04-29 15:39:05.664336+00,2026-01-05 08:15:58.175156+00
46,Rambo,rambo@refund.com,$2b$10$7jX4LX01dItRrRm2yyK63OHCcWSYWgCotkzDgsxzr3eTifog7rPgC,Đồng Tháp,true,0,0,active,,0,,2025-05-19 09:15:51.124991+00,2026-01-05 08:15:58.175156+00
47,NTN Vlogs,ntn@youtube.com,$2b$10$7jX4LX01dItRrRm2yyK63OHCcWSYWgCotkzDgsxzr3eTifog7rPgC,Thái Bình,true,1,1,active,,0,,2025-09-07 03:30:31.364796+00,2026-01-05 08:15:58.175156+00
48,Quang Cuốn,quangcuon@box.vn,$2b$10$7jX4LX01dItRrRm2yyK63OHCcWSYWgCotkzDgsxzr3eTifog7rPgC,Hưng Yên,true,0,0,active,,0,,2025-01-04 06:31:53.768995+00,2026-01-05 08:15:58.175156+00
49,Gao Bạc,gaobac@freefire.com,$2b$10$7jX4LX01dItRrRm2yyK63OHCcWSYWgCotkzDgsxzr3eTifog7rPgC,TP.HCM,true,0,0,active,,0,,2025-03-22 11:19:25.205442+00,2026-01-05 08:15:58.175156+00
50,Sang Traan,sangtraan@vlog.com,$2b$10$7jX4LX01dItRrRm2yyK63OHCcWSYWgCotkzDgsxzr3eTifog7rPgC,Đồng Nai,true,0,0,active,,0,,2025-08-07 18:52:25.959122+00,2026-01-05 08:15:58.175156+00
51,Nhism,nhism@refund.com,$2b$10$7jX4LX01dItRrRm2yyK63OHCcWSYWgCotkzDgsxzr3eTifog7rPgC,Hà Nội,true,0,0,active,,0,,2025-07-03 04:06:57.53696+00,2026-01-05 08:15:58.175156+00
52,Dev Nguyen,devnguyen@coder.com,$2b$10$7jX4LX01dItRrRm2yyK63OHCcWSYWgCotkzDgsxzr3eTifog7rPgC,Hà Nội,true,0,0,active,,0,,2025-10-01 13:01:29.270801+00,2026-01-05 08:15:58.175156+00
53,Uyên Pu,uyenpu@streamer.com,$2b$10$7jX4LX01dItRrRm2yyK63OHCcWSYWgCotkzDgsxzr3eTifog7rPgC,Đồng Tháp,true,0,0,active,,0,,2025-11-18 09:01:08.865342+00,2026-01-05 08:15:58.175156+00
54,Kiệt Lặc,tuan_kiet@faptv.com,$2b$10$7jX4LX01dItRrRm2yyK63OHCcWSYWgCotkzDgsxzr3eTifog7rPgC,TP.HCM,true,0,0,active,,0,,2025-05-01 22:23:23.036245+00,2026-01-05 08:15:58.175156+00
55,Lyly Sury,lyly@lienquan.com,$2b$10$7jX4LX01dItRrRm2yyK63OHCcWSYWgCotkzDgsxzr3eTifog7rPgC,Hà Tĩnh,true,0,0,active,,0,,2025-05-21 10:57:26.37919+00,2026-01-05 08:15:58.175156+00
56,Bác Gấu,bacgau@hqgroup.vn,$2b$10$7jX4LX01dItRrRm2yyK63OHCcWSYWgCotkzDgsxzr3eTifog7rPgC,Phan Rang,true,0,0,active,,0,,2024-12-10 22:45:30.763549+00,2026-01-05 08:15:58.175156+00
57,Msuong,msuong@mobile.com,$2b$10$7jX4LX01dItRrRm2yyK63OHCcWSYWgCotkzDgsxzr3eTifog7rPgC,Bảo Lộc,true,0,0,active,,0,,2025-11-03 08:46:58.725534+00,2026-01-05 08:15:58.175156+00
58,Lazy Boy,ilazy@pubg.com,$2b$10$7jX4LX01dItRrRm2yyK63OHCcWSYWgCotkzDgsxzr3eTifog7rPgC,Hà Nội,true,0,0,active,,0,,2025-07-27 04:25:10.998264+00,2026-01-05 08:15:58.175156+00
59,Ashley Smith,bidder1@gmail.com,$2b$10$7jX4LX01dItRrRm2yyK63OHCcWSYWgCotkzDgsxzr3eTifog7rPgC,United States,true,0,0,active,,0,,2025-09-15 11:24:58.522998+00,2026-01-05 08:15:58.175156+00
60,Kimberly Moore,bidder2@gmail.com,$2b$10$7jX4LX01dItRrRm2yyK63OHCcWSYWgCotkzDgsxzr3eTifog7rPgC,United States,true,0,0,active,,0,,2025-09-02 06:06:36.733054+00,2026-01-05 08:15:58.175156+00
61,Patricia King,bidder3@gmail.com,$2b$10$7jX4LX01dItRrRm2yyK63OHCcWSYWgCotkzDgsxzr3eTifog7rPgC,United States,true,0,0,active,,0,,2025-11-23 23:48:08.573832+00,2026-01-05 08:15:58.175156+00
62,Lisa Wilson,bidder4@gmail.com,$2b$10$7jX4LX01dItRrRm2yyK63OHCcWSYWgCotkzDgsxzr3eTifog7rPgC,United States,true,0,0,active,,0,,2025-11-18 18:11:36.710712+00,2026-01-05 08:15:58.175156+00
63,Kimberly Robinson,bidder5@gmail.com,$2b$10$7jX4LX01dItRrRm2yyK63OHCcWSYWgCotkzDgsxzr3eTifog7rPgC,United States,true,0,0,active,,0,,2025-09-25 07:12:26.736304+00,2026-01-05 08:15:58.175156+00
64,Michelle Hernandez,bidder6@gmail.com,$2b$10$7jX4LX01dItRrRm2yyK63OHCcWSYWgCotkzDgsxzr3eTifog7rPgC,United States,true,0,0,active,,0,,2025-10-19 06:18:37.983235+00,2026-01-05 08:15:58.175156+00
65,Margaret White,bidder7@gmail.com,$2b$10$7jX4LX01dItRrRm2yyK63OHCcWSYWgCotkzDgsxzr3eTifog7rPgC,United States,true,0,0,active,,0,,2025-09-10 02:58:58.813495+00,2026-01-05 08:15:58.175156+00
66,Robert Jones,bidder8@gmail.com,$2b$10$7jX4LX01dItRrRm2yyK63OHCcWSYWgCotkzDgsxzr3eTifog7rPgC,United States,true,0,0,active,,0,,2025-09-18 02:06:59.40384+00,2026-01-05 08:15:58.175156+00
67,Michelle Clark,bidder9@gmail.com,$2b$10$7jX4LX01dItRrRm2yyK63OHCcWSYWgCotkzDgsxzr3eTifog7rPgC,United States,true,0,0,active,,0,,2025-11-27 04:58:37.935297+00,2026-01-05 08:15:58.175156+00
68,Jessica King,bidder10@gmail.com,$2b$10$7jX4LX01dItRrRm2yyK63OHCcWSYWgCotkzDgsxzr3eTifog7rPgC,United States,true,0,0,active,,0,,2025-09-07 22:22:30.848467+00,2026-01-05 08:15:58.175156+00
69,William Anderson,bidder11@gmail.com,$2b$10$7jX4LX01dItRrRm2yyK63OHCcWSYWgCotkzDgsxzr3eTifog7rPgC,United States,true,0,0,active,,0,,2025-09-16 15:13:23.601204+00,2026-01-05 08:15:58.175156+00
70,Betty Thomas,bidder12@gmail.com,$2b$10$7jX4LX01dItRrRm2yyK63OHCcWSYWgCotkzDgsxzr3eTifog7rPgC,United States,true,0,0,active,,0,,2025-09-19 07:33:12.625273+00,2026-01-05 08:15:58.175156+00
71,David Walker,bidder13@gmail.com,$2b$10$7jX4LX01dItRrRm2yyK63OHCcWSYWgCotkzDgsxzr3eTifog7rPgC,United States,true,0,0,active,,0,,2025-10-28 03:58:03.87315+00,2026-01-05 08:15:58.175156+00
72,Nancy Lee,bidder14@gmail.com,$2b$10$7jX4LX01dItRrRm2yyK63OHCcWSYWgCotkzDgsxzr3eTifog7rPgC,United States,true,0,0,active,,0,,2025-11-15 10:02:42.573759+00,2026-01-05 08:15:58.175156+00
73,Linda Martin,bidder15@gmail.com,$2b$10$7jX4LX01dItRrRm2yyK63OHCcWSYWgCotkzDgsxzr3eTifog7rPgC,United States,true,0,0,active,,0,,2025-10-29 07:55:38.158188+00,2026-01-05 08:15:58.175156+00
74,Donna Garcia,bidder16@gmail.com,$2b$10$7jX4LX01dItRrRm2yyK63OHCcWSYWgCotkzDgsxzr3eTifog7rPgC,United States,true,0,0,active,,0,,2025-10-28 04:47:12.530376+00,2026-01-05 08:15:58.175156+00
75,William Jackson,bidder17@gmail.com,$2b$10$7jX4LX01dItRrRm2yyK63OHCcWSYWgCotkzDgsxzr3eTifog7rPgC,United States,true,0,0,active,,0,,2025-11-10 13:22:20.209901+00,2026-01-05 08:15:58.175156+00
76,Kimberly Clark,bidder18@gmail.com,$2b$10$7jX4LX01dItRrRm2yyK63OHCcWSYWgCotkzDgsxzr3eTifog7rPgC,United States,true,0,0,active,,0,,2025-11-24 07:58:15.74236+00,2026-01-05 08:15:58.175156+00
77,Lisa Young,bidder19@gmail.com,$2b$10$7jX4LX01dItRrRm2yyK63OHCcWSYWgCotkzDgsxzr3eTifog7rPgC,United States,true,0,0,active,,0,,2025-10-31 17:32:09.01147+00,2026-01-05 08:15:58.175156+00
78,Karen Smith,bidder20@gmail.com,$2b$10$7jX4LX01dItRrRm2yyK63OHCcWSYWgCotkzDgsxzr3eTifog7rPgC,United States,true,0,0,active,,0,,2025-09-27 12:11:17.074359+00,2026-01-05 08:15:58.175156+00
79,Ashley Anderson,bidder21@gmail.com,$2b$10$7jX4LX01dItRrRm2yyK63OHCcWSYWgCotkzDgsxzr3eTifog7rPgC,United States,true,0,0,active,,0,,2025-10-31 21:43:00.954801+00,2026-01-05 08:15:58.175156+00
80,Betty Garcia,bidder22@gmail.com,$2b$10$7jX4LX01dItRrRm2yyK63OHCcWSYWgCotkzDgsxzr3eTifog7rPgC,United States,true,0,0,active,,0,,2025-09-29 10:38:16.527181+00,2026-01-05 08:15:58.175156+00
81,Sarah Williams,bidder23@gmail.com,$2b$10$7jX4LX01dItRrRm2yyK63OHCcWSYWgCotkzDgsxzr3eTifog7rPgC,United States,true,0,0,active,,0,,2025-11-18 13:24:06.166094+00,2026-01-05 08:15:58.175156+00
82,Margaret Johnson,bidder24@gmail.com,$2b$10$7jX4LX01dItRrRm2yyK63OHCcWSYWgCotkzDgsxzr3eTifog7rPgC,United States,true,0,0,active,,0,,2025-10-06 15:38:42.802053+00,2026-01-05 08:15:58.175156+00
83,Emily Martinez,bidder25@gmail.com,$2b$10$7jX4LX01dItRrRm2yyK63OHCcWSYWgCotkzDgsxzr3eTifog7rPgC,United States,true,0,0,active,,0,,2025-09-17 17:07:30.207155+00,2026-01-05 08:15:58.175156+00
84,Betty Harris,bidder26@gmail.com,$2b$10$7jX4LX01dItRrRm2yyK63OHCcWSYWgCotkzDgsxzr3eTifog7rPgC,United States,true,0,0,active,,0,,2025-11-08 22:12:44.070958+00,2026-01-05 08:15:58.175156+00
85,David Brown,bidder27@gmail.com,$2b$10$7jX4LX01dItRrRm2yyK63OHCcWSYWgCotkzDgsxzr3eTifog7rPgC,United States,true,0,0,active,,0,,2025-11-09 16:34:36.85351+00,2026-01-05 08:15:58.175156+00
86,Karen Brown,bidder28@gmail.com,$2b$10$7jX4LX01dItRrRm2yyK63OHCcWSYWgCotkzDgsxzr3eTifog7rPgC,United States,true,0,0,active,,0,,2025-10-01 23:19:03.311539+00,2026-01-05 08:15:58.175156+00
87,Barbara Allen,bidder29@gmail.com,$2b$10$7jX4LX01dItRrRm2yyK63OHCcWSYWgCotkzDgsxzr3eTifog7rPgC,United States,true,0,0,active,,0,,2025-09-24 18:12:50.396084+00,2026-01-05 08:15:58.175156+00
88,Nancy Martin,bidder30@gmail.com,$2b$10$7jX4LX01dItRrRm2yyK63OHCcWSYWgCotkzDgsxzr3eTifog7rPgC,United States,true,0,0,active,,0,,2025-09-27 14:32:22.364173+00,2026-01-05 08:15:58.175156+00
89,Joseph Lee,bidder31@gmail.com,$2b$10$7jX4LX01dItRrRm2yyK63OHCcWSYWgCotkzDgsxzr3eTifog7rPgC,United States,true,0,0,active,,0,,2025-10-22 00:54:10.790066+00,2026-01-05 08:15:58.175156+00
90,Robert Anderson,bidder32@gmail.com,$2b$10$7jX4LX01dItRrRm2yyK63OHCcWSYWgCotkzDgsxzr3eTifog7rPgC,United States,true,0,0,active,,0,,2025-11-06 15:20:25.474515+00,2026-01-05 08:15:58.175156+00
91,Kimberly Lewis,bidder33@gmail.com,$2b$10$7jX4LX01dItRrRm2yyK63OHCcWSYWgCotkzDgsxzr3eTifog7rPgC,United States,true,0,0,active,,0,,2025-10-26 02:58:43.626485+00,2026-01-05 08:15:58.175156+00
92,James Johnson,bidder34@gmail.com,$2b$10$7jX4LX01dItRrRm2yyK63OHCcWSYWgCotkzDgsxzr3eTifog7rPgC,United States,true,0,0,active,,0,,2025-10-11 17:20:19.5598+00,2026-01-05 08:15:58.175156+00
93,Barbara Thomas,bidder35@gmail.com,$2b$10$7jX4LX01dItRrRm2yyK63OHCcWSYWgCotkzDgsxzr3eTifog7rPgC,United States,true,0,0,active,,0,,2025-10-04 08:06:20.675576+00,2026-01-05 08:15:58.175156+00
94,Patricia Davis,bidder36@gmail.com,$2b$10$7jX4LX01dItRrRm2yyK63OHCcWSYWgCotkzDgsxzr3eTifog7rPgC,United States,true,0,0,active,,0,,2025-11-17 20:32:48.925637+00,2026-01-05 08:15:58.175156+00
95,Karen Brown,bidder37@gmail.com,$2b$10$7jX4LX01dItRrRm2yyK63OHCcWSYWgCotkzDgsxzr3eTifog7rPgC,United States,true,0,0,active,,0,,2025-10-07 14:33:06.830612+00,2026-01-05 08:15:58.175156+00
96,Sarah Lewis,bidder38@gmail.com,$2b$10$7jX4LX01dItRrRm2yyK63OHCcWSYWgCotkzDgsxzr3eTifog7rPgC,United States,true,0,0,active,,0,,2025-09-21 18:36:11.045731+00,2026-01-05 08:15:58.175156+00
97,Richard Lewis,bidder39@gmail.com,$2b$10$7jX4LX01dItRrRm2yyK63OHCcWSYWgCotkzDgsxzr3eTifog7rPgC,United States,true,0,0,active,,0,,2025-11-18 01:59:12.033388+00,2026-01-05 08:15:58.175156+00
98,Karen Young,bidder40@gmail.com,$2b$10$7jX4LX01dItRrRm2yyK63OHCcWSYWgCotkzDgsxzr3eTifog7rPgC,United States,true,0,0,active,,0,,2025-09-28 15:46:51.821818+00,2026-01-05 08:15:58.175156+00
99,Michelle Taylor,bidder41@gmail.com,$2b$10$7jX4LX01dItRrRm2yyK63OHCcWSYWgCotkzDgsxzr3eTifog7rPgC,United States,true,0,0,active,,0,,2025-09-08 00:40:37.769246+00,2026-01-05 08:15:58.175156+00
100,David Rodriguez,bidder42@gmail.com,$2b$10$7jX4LX01dItRrRm2yyK63OHCcWSYWgCotkzDgsxzr3eTifog7rPgC,United States,true,0,0,active,,0,,2025-11-10 12:56:00.972657+00,2026-01-05 08:15:58.175156+00
101,Betty Brown,bidder43@gmail.com,$2b$10$7jX4LX01dItRrRm2yyK63OHCcWSYWgCotkzDgsxzr3eTifog7rPgC,United States,true,0,0,active,,0,,2025-10-21 12:47:18.665276+00,2026-01-05 08:15:58.175156+00
102,Barbara Moore,bidder44@gmail.com,$2b$10$7jX4LX01dItRrRm2yyK63OHCcWSYWgCotkzDgsxzr3eTifog7rPgC,United States,true,0,0,active,,0,,2025-11-02 22:01:13.068144+00,2026-01-05 08:15:58.175156+00
103,Emily Hall,bidder45@gmail.com,$2b$10$7jX4LX01dItRrRm2yyK63OHCcWSYWgCotkzDgsxzr3eTifog7rPgC,United States,true,0,0,active,,0,,2025-10-06 12:05:35.970834+00,2026-01-05 08:15:58.175156+00
104,Charles King,bidder46@gmail.com,$2b$10$7jX4LX01dItRrRm2yyK63OHCcWSYWgCotkzDgsxzr3eTifog7rPgC,United States,true,0,0,active,,0,,2025-11-17 01:32:12.384715+00,2026-01-05 08:15:58.175156+00
105,Donna Young,bidder47@gmail.com,$2b$10$7jX4LX01dItRrRm2yyK63OHCcWSYWgCotkzDgsxzr3eTifog7rPgC,United States,true,0,0,active,,0,,2025-10-08 06:03:16.800915+00,2026-01-05 08:15:58.175156+00
106,Jessica Miller,bidder48@gmail.com,$2b$10$7jX4LX01dItRrRm2yyK63OHCcWSYWgCotkzDgsxzr3eTifog7rPgC,United States,true,0,0,active,,0,,2025-10-05 01:07:53.070434+00,2026-01-05 08:15:58.175156+00
107,Elizabeth Allen,bidder49@gmail.com,$2b$10$7jX4LX01dItRrRm2yyK63OHCcWSYWgCotkzDgsxzr3eTifog7rPgC,United States,true,0,0,active,,0,,2025-11-15 10:11:37.991269+00,2026-01-05 08:15:58.175156+00
108,John Harris,bidder50@gmail.com,$2b$10$7jX4LX01dItRrRm2yyK63OHCcWSYWgCotkzDgsxzr3eTifog7rPgC,United States,true,0,0,active,,0,,2025-10-01 10:25:24.02728+00,2026-01-05 08:15:58.175156+00
109,Mary Williams,bidder51@gmail.com,$2b$10$7jX4LX01dItRrRm2yyK63OHCcWSYWgCotkzDgsxzr3eTifog7rPgC,United States,true,0,0,active,,0,,2025-10-17 10:46:03.457782+00,2026-01-05 08:15:58.175156+00
110,Kimberly Walker,bidder52@gmail.com,$2b$10$7jX4LX01dItRrRm2yyK63OHCcWSYWgCotkzDgsxzr3eTifog7rPgC,United States,true,0,0,active,,0,,2025-11-05 17:50:21.022737+00,2026-01-05 08:15:58.175156+00
111,Sandra Thomas,bidder53@gmail.com,$2b$10$7jX4LX01dItRrRm2yyK63OHCcWSYWgCotkzDgsxzr3eTifog7rPgC,United States,true,0,0,active,,0,,2025-09-09 20:51:55.586502+00,2026-01-05 08:15:58.175156+00
112,Emily Harris,bidder54@gmail.com,$2b$10$7jX4LX01dItRrRm2yyK63OHCcWSYWgCotkzDgsxzr3eTifog7rPgC,United States,true,0,0,active,,0,,2025-11-27 09:51:51.194117+00,2026-01-05 08:15:58.175156+00
113,Donna Martin,bidder55@gmail.com,$2b$10$7jX4LX01dItRrRm2yyK63OHCcWSYWgCotkzDgsxzr3eTifog7rPgC,United States,true,0,0,active,,0,,2025-10-17 01:26:43.692269+00,2026-01-05 08:15:58.175156+00
114,Emily Moore,bidder56@gmail.com,$2b$10$7jX4LX01dItRrRm2yyK63OHCcWSYWgCotkzDgsxzr3eTifog7rPgC,United States,true,0,0,active,,0,,2025-10-28 15:19:15.535218+00,2026-01-05 08:15:58.175156+00
115,Linda Brown,bidder57@gmail.com,$2b$10$7jX4LX01dItRrRm2yyK63OHCcWSYWgCotkzDgsxzr3eTifog7rPgC,United States,true,0,0,active,,0,,2025-09-27 03:50:45.540025+00,2026-01-05 08:15:58.175156+00
116,Susan Wilson,bidder58@gmail.com,$2b$10$7jX4LX01dItRrRm2yyK63OHCcWSYWgCotkzDgsxzr3eTifog7rPgC,United States,true,0,0,active,,0,,2025-09-28 01:01:13.092043+00,2026-01-05 08:15:58.175156+00
117,Robert Moore,bidder59@gmail.com,$2b$10$7jX4LX01dItRrRm2yyK63OHCcWSYWgCotkzDgsxzr3eTifog7rPgC,United States,true,0,0,active,,0,,2025-10-03 05:11:18.7499+00,2026-01-05 08:15:58.175156+00
118,David Allen,bidder60@gmail.com,$2b$10$7jX4LX01dItRrRm2yyK63OHCcWSYWgCotkzDgsxzr3eTifog7rPgC,United States,true,0,0,active,,0,,2025-11-13 19:57:50.821929+00,2026-01-05 08:15:58.175156+00
119,Margaret King,bidder61@gmail.com,$2b$10$7jX4LX01dItRrRm2yyK63OHCcWSYWgCotkzDgsxzr3eTifog7rPgC,United States,true,0,0,active,,0,,2025-10-22 05:35:38.154384+00,2026-01-05 08:15:58.175156+00
120,Michael Hall,bidder62@gmail.com,$2b$10$7jX4LX01dItRrRm2yyK63OHCcWSYWgCotkzDgsxzr3eTifog7rPgC,United States,true,0,0,active,,0,,2025-11-17 06:12:24.342687+00,2026-01-05 08:15:58.175156+00
121,Lisa Anderson,bidder63@gmail.com,$2b$10$7jX4LX01dItRrRm2yyK63OHCcWSYWgCotkzDgsxzr3eTifog7rPgC,United States,true,0,0,active,,0,,2025-10-03 12:44:23.706763+00,2026-01-05 08:15:58.175156+00
122,David Harris,bidder64@gmail.com,$2b$10$7jX4LX01dItRrRm2yyK63OHCcWSYWgCotkzDgsxzr3eTifog7rPgC,United States,true,0,0,active,,0,,2025-11-18 14:44:03.835706+00,2026-01-05 08:15:58.175156+00
123,Thomas Taylor,bidder65@gmail.com,$2b$10$7jX4LX01dItRrRm2yyK63OHCcWSYWgCotkzDgsxzr3eTifog7rPgC,United States,true,0,0,active,,0,,2025-09-20 21:58:08.171739+00,2026-01-05 08:15:58.175156+00
124,Jessica King,bidder66@gmail.com,$2b$10$7jX4LX01dItRrRm2yyK63OHCcWSYWgCotkzDgsxzr3eTifog7rPgC,United States,true,0,0,active,,0,,2025-09-05 19:54:56.936769+00,2026-01-05 08:15:58.175156+00
125,Donna Wilson,bidder67@gmail.com,$2b$10$7jX4LX01dItRrRm2yyK63OHCcWSYWgCotkzDgsxzr3eTifog7rPgC,United States,true,0,0,active,,0,,2025-10-22 07:41:25.358989+00,2026-01-05 08:15:58.175156+00
126,Lisa Miller,bidder68@gmail.com,$2b$10$7jX4LX01dItRrRm2yyK63OHCcWSYWgCotkzDgsxzr3eTifog7rPgC,United States,true,0,0,active,,0,,2025-09-17 00:51:58.154317+00,2026-01-05 08:15:58.175156+00
127,Michelle Thompson,bidder69@gmail.com,$2b$10$7jX4LX01dItRrRm2yyK63OHCcWSYWgCotkzDgsxzr3eTifog7rPgC,United States,true,0,0,active,,0,,2025-09-13 17:35:42.416815+00,2026-01-05 08:15:58.175156+00
128,William Williams,bidder70@gmail.com,$2b$10$7jX4LX01dItRrRm2yyK63OHCcWSYWgCotkzDgsxzr3eTifog7rPgC,United States,true,0,0,active,,0,,2025-09-08 00:42:17.428385+00,2026-01-05 08:15:58.175156+00
129,Betty Walker,bidder71@gmail.com,$2b$10$7jX4LX01dItRrRm2yyK63OHCcWSYWgCotkzDgsxzr3eTifog7rPgC,United States,true,0,0,active,,0,,2025-10-30 17:04:38.777084+00,2026-01-05 08:15:58.175156+00
130,David Hernandez,bidder72@gmail.com,$2b$10$7jX4LX01dItRrRm2yyK63OHCcWSYWgCotkzDgsxzr3eTifog7rPgC,United States,true,0,0,active,,0,,2025-10-25 23:19:49.018994+00,2026-01-05 08:15:58.175156+00
131,John Miller,bidder73@gmail.com,$2b$10$7jX4LX01dItRrRm2yyK63OHCcWSYWgCotkzDgsxzr3eTifog7rPgC,United States,true,0,0,active,,0,,2025-09-15 20:13:00.640616+00,2026-01-05 08:15:58.175156+00
132,Emily King,bidder74@gmail.com,$2b$10$7jX4LX01dItRrRm2yyK63OHCcWSYWgCotkzDgsxzr3eTifog7rPgC,United States,true,0,0,active,,0,,2025-11-15 08:04:02.737996+00,2026-01-05 08:15:58.175156+00
133,David Anderson,bidder75@gmail.com,$2b$10$7jX4LX01dItRrRm2yyK63OHCcWSYWgCotkzDgsxzr3eTifog7rPgC,United States,true,0,0,active,,0,,2025-11-26 12:36:19.509033+00,2026-01-05 08:15:58.175156+00
134,Ashley Thompson,bidder76@gmail.com,$2b$10$7jX4LX01dItRrRm2yyK63OHCcWSYWgCotkzDgsxzr3eTifog7rPgC,United States,true,0,0,active,,0,,2025-10-10 22:52:04.366221+00,2026-01-05 08:15:58.175156+00
135,James Martinez,bidder77@gmail.com,$2b$10$7jX4LX01dItRrRm2yyK63OHCcWSYWgCotkzDgsxzr3eTifog7rPgC,United States,true,0,0,active,,0,,2025-10-09 01:38:03.267155+00,2026-01-05 08:15:58.175156+00
136,Lisa Anderson,bidder78@gmail.com,$2b$10$7jX4LX01dItRrRm2yyK63OHCcWSYWgCotkzDgsxzr3eTifog7rPgC,United States,true,0,0,active,,0,,2025-09-03 07:22:26.332023+00,2026-01-05 08:15:58.175156+00
137,David Jones,bidder79@gmail.com,$2b$10$7jX4LX01dItRrRm2yyK63OHCcWSYWgCotkzDgsxzr3eTifog7rPgC,United States,true,0,0,active,,0,,2025-09-12 02:31:22.475927+00,2026-01-05 08:15:58.175156+00
138,Ashley Clark,bidder80@gmail.com,$2b$10$7jX4LX01dItRrRm2yyK63OHCcWSYWgCotkzDgsxzr3eTifog7rPgC,United States,true,0,0,active,,0,,2025-10-21 11:11:31.182756+00,2026-01-05 08:15:58.175156+00
139,Thomas Harris,bidder81@gmail.com,$2b$10$7jX4LX01dItRrRm2yyK63OHCcWSYWgCotkzDgsxzr3eTifog7rPgC,United States,true,0,0,active,,0,,2025-10-27 11:36:04.823564+00,2026-01-05 08:15:58.175156+00
140,Ashley Young,bidder82@gmail.com,$2b$10$7jX4LX01dItRrRm2yyK63OHCcWSYWgCotkzDgsxzr3eTifog7rPgC,United States,true,0,0,active,,0,,2025-09-28 08:00:39.733889+00,2026-01-05 08:15:58.175156+00
141,Thomas Martin,bidder83@gmail.com,$2b$10$7jX4LX01dItRrRm2yyK63OHCcWSYWgCotkzDgsxzr3eTifog7rPgC,United States,true,0,0,active,,0,,2025-10-08 05:46:06.385058+00,2026-01-05 08:15:58.175156+00
142,Lisa Allen,bidder84@gmail.com,$2b$10$7jX4LX01dItRrRm2yyK63OHCcWSYWgCotkzDgsxzr3eTifog7rPgC,United States,true,0,0,active,,0,,2025-09-06 16:01:06.399176+00,2026-01-05 08:15:58.175156+00
143,Mary Taylor,bidder85@gmail.com,$2b$10$7jX4LX01dItRrRm2yyK63OHCcWSYWgCotkzDgsxzr3eTifog7rPgC,United States,true,0,0,active,,0,,2025-09-27 23:01:56.019869+00,2026-01-05 08:15:58.175156+00
144,Linda Garcia,bidder86@gmail.com,$2b$10$7jX4LX01dItRrRm2yyK63OHCcWSYWgCotkzDgsxzr3eTifog7rPgC,United States,true,0,0,active,,0,,2025-10-01 08:08:15.181831+00,2026-01-05 08:15:58.175156+00
145,Nancy Allen,bidder87@gmail.com,$2b$10$7jX4LX01dItRrRm2yyK63OHCcWSYWgCotkzDgsxzr3eTifog7rPgC,United States,true,0,0,active,,0,,2025-09-03 05:34:10.469721+00,2026-01-05 08:15:58.175156+00
146,Nancy Martinez,bidder88@gmail.com,$2b$10$7jX4LX01dItRrRm2yyK63OHCcWSYWgCotkzDgsxzr3eTifog7rPgC,United States,true,0,0,active,,0,,2025-09-04 18:39:36.075919+00,2026-01-05 08:15:58.175156+00
147,James King,bidder89@gmail.com,$2b$10$7jX4LX01dItRrRm2yyK63OHCcWSYWgCotkzDgsxzr3eTifog7rPgC,United States,true,0,0,active,,0,,2025-11-05 04:08:09.939299+00,2026-01-05 08:15:58.175156+00
148,Elizabeth Lee,bidder90@gmail.com,$2b$10$7jX4LX01dItRrRm2yyK63OHCcWSYWgCotkzDgsxzr3eTifog7rPgC,United States,true,0,0,active,,0,,2025-10-17 16:05:30.388082+00,2026-01-05 08:15:58.175156+00
149,Jennifer Williams,bidder91@gmail.com,$2b$10$7jX4LX01dItRrRm2yyK63OHCcWSYWgCotkzDgsxzr3eTifog7rPgC,United States,true,0,0,active,,0,,2025-11-22 00:07:05.312063+00,2026-01-05 08:15:58.175156+00
150,Nancy Moore,bidder92@gmail.com,$2b$10$7jX4LX01dItRrRm2yyK63OHCcWSYWgCotkzDgsxzr3eTifog7rPgC,United States,true,0,0,active,,0,,2025-09-15 16:24:42.473884+00,2026-01-05 08:15:58.175156+00
151,Joseph Martinez,bidder93@gmail.com,$2b$10$7jX4LX01dItRrRm2yyK63OHCcWSYWgCotkzDgsxzr3eTifog7rPgC,United States,true,0,0,active,,0,,2025-09-30 12:22:00.784546+00,2026-01-05 08:15:58.175156+00
152,Emily Brown,bidder94@gmail.com,$2b$10$7jX4LX01dItRrRm2yyK63OHCcWSYWgCotkzDgsxzr3eTifog7rPgC,United States,true,0,0,active,,0,,2025-10-14 00:32:05.8529+00,2026-01-05 08:15:58.175156+00
153,Michelle Moore,bidder95@gmail.com,$2b$10$7jX4LX01dItRrRm2yyK63OHCcWSYWgCotkzDgsxzr3eTifog7rPgC,United States,true,0,0,active,,0,,2025-10-22 16:16:28.125185+00,2026-01-05 08:15:58.175156+00
154,John Johnson,bidder96@gmail.com,$2b$10$7jX4LX01dItRrRm2yyK63OHCcWSYWgCotkzDgsxzr3eTifog7rPgC,United States,true,0,0,active,,0,,2025-10-29 01:16:29.455406+00,2026-01-05 08:15:58.175156+00
155,Donna Young,bidder97@gmail.com,$2b$10$7jX4LX01dItRrRm2yyK63OHCcWSYWgCotkzDgsxzr3eTifog7rPgC,United States,true,0,0,active,,0,,2025-09-02 07:39:38.246981+00,2026-01-05 08:15:58.175156+00
156,Margaret Garcia,bidder98@gmail.com,$2b$10$7jX4LX01dItRrRm2yyK63OHCcWSYWgCotkzDgsxzr3eTifog7rPgC,United States,true,0,0,active,,0,,2025-10-15 19:29:28.78275+00,2026-01-05 08:15:58.175156+00
157,William Taylor,bidder99@gmail.com,$2b$10$7jX4LX01dItRrRm2yyK63OHCcWSYWgCotkzDgsxzr3eTifog7rPgC,United States,true,0,0,active,,0,,2025-10-09 18:44:05.03582+00,2026-01-05 08:15:58.175156+00
158,Robert Brown,bidder100@gmail.com,$2b$10$7jX4LX01dItRrRm2yyK63OHCcWSYWgCotkzDgsxzr3eTifog7rPgC,United States,true,0,0,active,,0,,2025-11-25 06:35:43.086603+00,2026-01-05 08:15:58.175156+00